Node,Topsis
107,0.9132769093285673
1684,0.6955655521946662
1912,0.49606342912582596
3437,0.48886472548324034
0,0.304321081040401
1085,0.29737930517571237
698,0.23110631943551807
567,0.19364562585218767
58,0.16946372903267143
428,0.1329229413180698
